cohort nickname,target,ID,Sequence,"""sgRNA ID"" from Su Kit"
Full Pool,p53,TAGATCGC,AGCTAGTCCGGAtagatcgcAANNNNNTTNNNNNAANNNNNATGCCCAAGAAGAAGAGGAAGGTGTC,
,Lkb1,CTCTCTAT,AGCTAGTCCGGActctctatAANNNNNTTNNNNNAANNNNNATGCCCAAGAAGAAGAGGAAGGTGTC,
,Cdkn2a,TATCCTCT,AGCTAGTCCGGAtatcctctAANNNNNTTNNNNNAANNNNNATGCCCAAGAAGAAGAGGAAGGTGTC,
,Keap1,ACTGCATA,AGCTAGTCCGGAactgcataAANNNNNTTNNNNNAANNNNNATGCCCAAGAAGAAGAGGAAGGTGTC,
,Arid1a,GCGTAAGA,AGCTAGTCCGGAgcgtaagaAANNNNNTTNNNNNAANNNNNATGCCCAAGAAGAAGAGGAAGGTGTC,
,Setd2,GCTCAGGA,AGCTAGTCCGGAgctcaggaAANNNNNTTNNNNNAANNNNNATGCCCAAGAAGAAGAGGAAGGTGTC,
,Apc,AGGAGTCC,AGCTAGTCCGGAaggagtccAANNNNNTTNNNNNAANNNNNATGCCCAAGAAGAAGAGGAAGGTGTC,
,Smad4,GTAGAGAG,AGCTAGTCCGGAgtagagagAANNNNNTTNNNNNAANNNNNATGCCCAAGAAGAAGAGGAAGGTGTC,
,Atm,CATGCCTA,AGCTAGTCCGGAcatgcctaAANNNNNTTNNNNNAANNNNNATGCCCAAGAAGAAGAGGAAGGTGTC,
,Rb1,CTAGTACG,AGCTAGTCCGGActagtacgAANNNNNTTNNNNNAANNNNNATGCCCAAGAAGAAGAGGAAGGTGTC,
,Rbm10,TCGCCTTA,AGCTAGTCCGGAtcgccttaAANNNNNTTNNNNNAANNNNNATGCCCAAGAAGAAGAGGAAGGTGTC,
,Neo1,GTAAGGAG,AGCTAGTCCGGAgtaaggagAANNNNNTTNNNNNAANNNNNATGCCCAAGAAGAAGAGGAAGGTGTC,
,Neo2,AGCGTAGC,AGCTAGTCCGGAagcgtagcAANNNNNTTNNNNNAANNNNNATGCCCAAGAAGAAGAGGAAGGTGTC,
,Neo3,AAGGAGTA,AGCTAGTCCGGAaaggagtaAANNNNNTTNNNNNAANNNNNATGCCCAAGAAGAAGAGGAAGGTGTC,
,NT1,CTAAGCCT,AGCTAGTCCGGActaagcctAANNNNNTTNNNNNAANNNNNATGCCCAAGAAGAAGAGGAAGGTGTC,
,NT3,AGAGTAGA,AGCTAGTCCGGAagagtagaAANNNNNTTNNNNNAANNNNNATGCCCAAGAAGAAGAGGAAGGTGTC,
,Spike,TTCTGCCT,AGCTAGTCCGGAttctgcctAANNNNNTTNNNNNAANNNNNATGCCCAAGAAGAAGAGGAAGGTGTC,
Sik Pool,Sik1_1,TCCTGAGC,AGCTAGTCCGGAtcctgagcAANNNNNTTNNNNNAANNNNNATGCCCAAGAAGAAGAGGAAGGTGTC,
,Sik1_2,TAGGCATG,AGCTAGTCCGGAtaggcatgAANNNNNTTNNNNNAANNNNNATGCCCAAGAAGAAGAGGAAGGTGTC,
KrasIP,Aldh1a,AATCCGGT,,
,Cand1,GCGACATT,,
,Fnta,TACCAACG,,
,Hras,CCTCAACA,,
,Nme2,CAGACAGT,,
,Nras,ACGTACAG,,
,Pcna,ACAGTCGT,,
,Radil,ACGGAACA,,
,Raf1,TGACGTTC,,
,Ralgds1,GCAATGCT,,
,Rap1b,TTGCCACA,,
,Rasgrf2,ATAACGCC,,
,Rgl2,AGACTCCT,,
,Rin2,GAGATCCA,,
,Stom,CAACAAGC,,
Kras Essential,PCNA,TAAGGCGA,,
,Rsp19,CGTACTAG,,
Mega Pool,Arhgap35,CACTAGAG,AGCTAGTCCGGACACTAGAGGCNNNNNTANNNNNGCNNNNNTANNNNNGCATGCCCAAGAAGAAGAGGAAGGTGTC,CG00101
,Arhgap35,TGTTACGG,AGCTAGTCCGGATGTTACGGGCNNNNNTANNNNNGCNNNNNTANNNNNGCATGCCCAAGAAGAAGAGGAAGGTGTC,CG00102
,Arid1a,ACAATGGC,AGCTAGTCCGGAACAATGGCGCNNNNNTANNNNNGCNNNNNTANNNNNGCATGCCCAAGAAGAAGAGGAAGGTGTC,CG00201
,Arid1a,TCGGATCT,AGCTAGTCCGGATCGGATCTGCNNNNNTANNNNNGCNNNNNTANNNNNGCATGCCCAAGAAGAAGAGGAAGGTGTC,CG00202
,Arid1b,TTAGCCTG,AGCTAGTCCGGATTAGCCTGGCNNNNNTANNNNNGCNNNNNTANNNNNGCATGCCCAAGAAGAAGAGGAAGGTGTC,CG00301
,Arid1b,AATCCGGT,AGCTAGTCCGGAAATCCGGTGCNNNNNTANNNNNGCNNNNNTANNNNNGCATGCCCAAGAAGAAGAGGAAGGTGTC,CG00302
,Arid2,TGACCGAT,AGCTAGTCCGGATGACCGATGCNNNNNTANNNNNGCNNNNNTANNNNNGCATGCCCAAGAAGAAGAGGAAGGTGTC,CG00401
,Arid2,CAGCTAAC,AGCTAGTCCGGACAGCTAACGCNNNNNTANNNNNGCNNNNNTANNNNNGCATGCCCAAGAAGAAGAGGAAGGTGTC,CG00402
,Atf7ip,TACCAACG,AGCTAGTCCGGATACCAACGGCNNNNNTANNNNNGCNNNNNTANNNNNGCATGCCCAAGAAGAAGAGGAAGGTGTC,CG00501
,Atf7ip,TGCGGTAT,AGCTAGTCCGGATGCGGTATGCNNNNNTANNNNNGCNNNNNTANNNNNGCATGCCCAAGAAGAAGAGGAAGGTGTC,CG00502
,Atm,CCTCAACA,AGCTAGTCCGGACCTCAACAGCNNNNNTANNNNNGCNNNNNTANNNNNGCATGCCCAAGAAGAAGAGGAAGGTGTC,CG00601
,Atm,TGACGTTC,AGCTAGTCCGGATGACGTTCGCNNNNNTANNNNNGCNNNNNTANNNNNGCATGCCCAAGAAGAAGAGGAAGGTGTC,CG00602
,Bap1,ACAGTCGT,AGCTAGTCCGGAACAGTCGTGCNNNNNTANNNNNGCNNNNNTANNNNNGCATGCCCAAGAAGAAGAGGAAGGTGTC,CG00701
,Bap1,TCTACACC,AGCTAGTCCGGATCTACACCGCNNNNNTANNNNNGCNNNNNTANNNNNGCATGCCCAAGAAGAAGAGGAAGGTGTC,CG00702
,Cdkn2c,CTGAACCT,AGCTAGTCCGGACTGAACCTGCNNNNNTANNNNNGCNNNNNTANNNNNGCATGCCCAAGAAGAAGAGGAAGGTGTC,CG00901
,Cdkn2c,CCTACTAC,AGCTAGTCCGGACCTACTACGCNNNNNTANNNNNGCNNNNNTANNNNNGCATGCCCAAGAAGAAGAGGAAGGTGTC,CG00902
,Cic,GAACCAGA,AGCTAGTCCGGAGAACCAGAGCNNNNNTANNNNNGCNNNNNTANNNNNGCATGCCCAAGAAGAAGAGGAAGGTGTC,CG01001
,Cic,GAGATCCA,AGCTAGTCCGGAGAGATCCAGCNNNNNTANNNNNGCNNNNNTANNNNNGCATGCCCAAGAAGAAGAGGAAGGTGTC,CG01002
,Dnmt3a,ACCGATTC,AGCTAGTCCGGAACCGATTCGCNNNNNTANNNNNGCNNNNNTANNNNNGCATGCCCAAGAAGAAGAGGAAGGTGTC,CG01201
,Dnmt3a,TCTGCCTT,AGCTAGTCCGGATCTGCCTTGCNNNNNTANNNNNGCNNNNNTANNNNNGCATGCCCAAGAAGAAGAGGAAGGTGTC,CG01202
,Dot1l,CAGTGCAT,AGCTAGTCCGGACAGTGCATGCNNNNNTANNNNNGCNNNNNTANNNNNGCATGCCCAAGAAGAAGAGGAAGGTGTC,CG01301
,Dot1l,GTAGACGA,AGCTAGTCCGGAGTAGACGAGCNNNNNTANNNNNGCNNNNNTANNNNNGCATGCCCAAGAAGAAGAGGAAGGTGTC,CG01302
,Ep300,CGCATTCT,AGCTAGTCCGGACGCATTCTGCNNNNNTANNNNNGCNNNNNTANNNNNGCATGCCCAAGAAGAAGAGGAAGGTGTC,CG01401
,Ep300,ATACCGAG,AGCTAGTCCGGAATACCGAGGCNNNNNTANNNNNGCNNNNNTANNNNNGCATGCCCAAGAAGAAGAGGAAGGTGTC,CG01402
,Ercc4,CTCTATGC,AGCTAGTCCGGACTCTATGCGCNNNNNTANNNNNGCNNNNNTANNNNNGCATGCCCAAGAAGAAGAGGAAGGTGTC,CG01501
,Ercc4,TGTATCGC,AGCTAGTCCGGATGTATCGCGCNNNNNTANNNNNGCNNNNNTANNNNNGCATGCCCAAGAAGAAGAGGAAGGTGTC,CG01502
,Gata3,CTAGGAGT,AGCTAGTCCGGACTAGGAGTGCNNNNNTANNNNNGCNNNNNTANNNNNGCATGCCCAAGAAGAAGAGGAAGGTGTC,CG02001
,Gata3,ATTCCTCC,AGCTAGTCCGGAATTCCTCCGCNNNNNTANNNNNGCNNNNNTANNNNNGCATGCCCAAGAAGAAGAGGAAGGTGTC,CG02002
,Kmt2d,GCGACATT,AGCTAGTCCGGAGCGACATTGCNNNNNTANNNNNGCNNNNNTANNNNNGCATGCCCAAGAAGAAGAGGAAGGTGTC,CG02201
,Kmt2d,CTCAGGTA,AGCTAGTCCGGACTCAGGTAGCNNNNNTANNNNNGCNNNNNTANNNNNGCATGCCCAAGAAGAAGAGGAAGGTGTC,CG02202
,Lats1,AGGCGAAT,AGCTAGTCCGGAAGGCGAATGCNNNNNTANNNNNGCNNNNNTANNNNNGCATGCCCAAGAAGAAGAGGAAGGTGTC,CG02301
,Lats1,AGCCATGA,AGCTAGTCCGGAAGCCATGAGCNNNNNTANNNNNGCNNNNNTANNNNNGCATGCCCAAGAAGAAGAGGAAGGTGTC,CG02302
,Mga,CGTTGAAC,AGCTAGTCCGGACGTTGAACGCNNNNNTANNNNNGCNNNNNTANNNNNGCATGCCCAAGAAGAAGAGGAAGGTGTC,CG02401
,Mga,GCATTGAG,AGCTAGTCCGGAGCATTGAGGCNNNNNTANNNNNGCNNNNNTANNNNNGCATGCCCAAGAAGAAGAGGAAGGTGTC,CG02402
,Ncoa6,CTGGCATA,AGCTAGTCCGGACTGGCATAGCNNNNNTANNNNNGCNNNNNTANNNNNGCATGCCCAAGAAGAAGAGGAAGGTGTC,CG02501
,Ncoa6,ACACTCAC,AGCTAGTCCGGAACACTCACGCNNNNNTANNNNNGCNNNNNTANNNNNGCATGCCCAAGAAGAAGAGGAAGGTGTC,CG02502
,Ncor1,CTCTTCAC,AGCTAGTCCGGACTCTTCACGCNNNNNTANNNNNGCNNNNNTANNNNNGCATGCCCAAGAAGAAGAGGAAGGTGTC,CG02601
,Ncor1,CAGACAGT,AGCTAGTCCGGACAGACAGTGCNNNNNTANNNNNGCNNNNNTANNNNNGCATGCCCAAGAAGAAGAGGAAGGTGTC,CG02602
,Nf1,ACGTGTGT,AGCTAGTCCGGAACGTGTGTGCNNNNNTANNNNNGCNNNNNTANNNNNGCATGCCCAAGAAGAAGAGGAAGGTGTC,CG02701
,Nf1,AATTGCCG,AGCTAGTCCGGAAATTGCCGGCNNNNNTANNNNNGCNNNNNTANNNNNGCATGCCCAAGAAGAAGAGGAAGGTGTC,CG02702
,Pole,GAGCTTGA,AGCTAGTCCGGAGAGCTTGAGCNNNNNTANNNNNGCNNNNNTANNNNNGCATGCCCAAGAAGAAGAGGAAGGTGTC,CG03101
,Pole,ACGTACAG,AGCTAGTCCGGAACGTACAGGCNNNNNTANNNNNGCNNNNNTANNNNNGCATGCCCAAGAAGAAGAGGAAGGTGTC,CG03102
,Rb1,GAGAACTC,AGCTAGTCCGGAGAGAACTCGCNNNNNTANNNNNGCNNNNNTANNNNNGCATGCCCAAGAAGAAGAGGAAGGTGTC,CG03301
,Rb1,GATGAGAG,AGCTAGTCCGGAGATGAGAGGCNNNNNTANNNNNGCNNNNNTANNNNNGCATGCCCAAGAAGAAGAGGAAGGTGTC,CG03302
,Rnf43,AACACAGG,AGCTAGTCCGGAAACACAGGGCNNNNNTANNNNNGCNNNNNTANNNNNGCATGCCCAAGAAGAAGAGGAAGGTGTC,CG03401
,Rnf43,ACGGAACA,AGCTAGTCCGGAACGGAACAGCNNNNNTANNNNNGCNNNNNTANNNNNGCATGCCCAAGAAGAAGAGGAAGGTGTC,CG03402
,Setd2,TGGTCCTT,AGCTAGTCCGGATGGTCCTTGCNNNNNTANNNNNGCNNNNNTANNNNNGCATGCCCAAGAAGAAGAGGAAGGTGTC,CG03701
,Setd2,CATGGTAG,AGCTAGTCCGGACATGGTAGGCNNNNNTANNNNNGCNNNNNTANNNNNGCATGCCCAAGAAGAAGAGGAAGGTGTC,CG03702
,Smad4,GCAATGCT,AGCTAGTCCGGAGCAATGCTGCNNNNNTANNNNNGCNNNNNTANNNNNGCATGCCCAAGAAGAAGAGGAAGGTGTC,CG03801
,Smad4,GAGGTGTT,AGCTAGTCCGGAGAGGTGTTGCNNNNNTANNNNNGCNNNNNTANNNNNGCATGCCCAAGAAGAAGAGGAAGGTGTC,CG03802
,Smarca4,ACAATCCG,AGCTAGTCCGGAACAATCCGGCNNNNNTANNNNNGCNNNNNTANNNNNGCATGCCCAAGAAGAAGAGGAAGGTGTC,CG03901
,Smarca4,TGGTTCCA,AGCTAGTCCGGATGGTTCCAGCNNNNNTANNNNNGCNNNNNTANNNNNGCATGCCCAAGAAGAAGAGGAAGGTGTC,CG03902
,Tp53,CTACTCTC,AGCTAGTCCGGACTACTCTCGCNNNNNTANNNNNGCNNNNNTANNNNNGCATGCCCAAGAAGAAGAGGAAGGTGTC,CG04001
,Tp53,ATTCGCTG,AGCTAGTCCGGAATTCGCTGGCNNNNNTANNNNNGCNNNNNTANNNNNGCATGCCCAAGAAGAAGAGGAAGGTGTC,CG04002
,Ubr5,TCAGCTTC,AGCTAGTCCGGATCAGCTTCGCNNNNNTANNNNNGCNNNNNTANNNNNGCATGCCCAAGAAGAAGAGGAAGGTGTC,CG04101
,Ubr5,CTAGATGG,AGCTAGTCCGGACTAGATGGGCNNNNNTANNNNNGCNNNNNTANNNNNGCATGCCCAAGAAGAAGAGGAAGGTGTC,CG04102
,Wrn,TATGGCCA,AGCTAGTCCGGATATGGCCAGCNNNNNTANNNNNGCNNNNNTANNNNNGCATGCCCAAGAAGAAGAGGAAGGTGTC,CG04201
,Wrn,TTGCCACA,AGCTAGTCCGGATTGCCACAGCNNNNNTANNNNNGCNNNNNTANNNNNGCATGCCCAAGAAGAAGAGGAAGGTGTC,CG04202
,Brca2,CGCTACTT,AGCTAGTCCGGACGCTACTTGCNNNNNTANNNNNGCNNNNNTANNNNNGCATGCCCAAGAAGAAGAGGAAGGTGTC,CG05101
,Brca2,CGACTAGT,AGCTAGTCCGGACGACTAGTGCNNNNNTANNNNNGCNNNNNTANNNNNGCATGCCCAAGAAGAAGAGGAAGGTGTC,CG05102
,Cdkn2a,GACCATAG,AGCTAGTCCGGAGACCATAGGCNNNNNTANNNNNGCNNNNNTANNNNNGCATGCCCAAGAAGAAGAGGAAGGTGTC,CG05201
,Cdkn2a,CACTGCTA,AGCTAGTCCGGACACTGCTAGCNNNNNTANNNNNGCNNNNNTANNNNNGCATGCCCAAGAAGAAGAGGAAGGTGTC,CG05202
,Cmtr2,ACTGCATG,AGCTAGTCCGGAACTGCATGGCNNNNNTANNNNNGCNNNNNTANNNNNGCATGCCCAAGAAGAAGAGGAAGGTGTC,CG05301
,Cmtr2,CTAGTGAC,AGCTAGTCCGGACTAGTGACGCNNNNNTANNNNNGCNNNNNTANNNNNGCATGCCCAAGAAGAAGAGGAAGGTGTC,CG05302
,Fat1,GTGTGTTG,AGCTAGTCCGGAGTGTGTTGGCNNNNNTANNNNNGCNNNNNTANNNNNGCATGCCCAAGAAGAAGAGGAAGGTGTC,CG05501
,Fat1,ATAACGCC,AGCTAGTCCGGAATAACGCCGCNNNNNTANNNNNGCNNNNNTANNNNNGCATGCCCAAGAAGAAGAGGAAGGTGTC,CG05502
,Fbxw7,GTCCATTC,AGCTAGTCCGGAGTCCATTCGCNNNNNTANNNNNGCNNNNNTANNNNNGCATGCCCAAGAAGAAGAGGAAGGTGTC,CG05601
,Fbxw7,GTTATGGC,AGCTAGTCCGGAGTTATGGCGCNNNNNTANNNNNGCNNNNNTANNNNNGCATGCCCAAGAAGAAGAGGAAGGTGTC,CG05602
,Kdm6a,GCAGCTAT,AGCTAGTCCGGAGCAGCTATGCNNNNNTANNNNNGCNNNNNTANNNNNGCATGCCCAAGAAGAAGAGGAAGGTGTC,CG05701
,Kdm6a,GCTATACG,AGCTAGTCCGGAGCTATACGGCNNNNNTANNNNNGCNNNNNTANNNNNGCATGCCCAAGAAGAAGAGGAAGGTGTC,CG05702
,Keap1,GAGAGGTA,AGCTAGTCCGGAGAGAGGTAGCNNNNNTANNNNNGCNNNNNTANNNNNGCATGCCCAAGAAGAAGAGGAAGGTGTC,CG05801
,Keap1,TTCCGAAG,AGCTAGTCCGGATTCCGAAGGCNNNNNTANNNNNGCNNNNNTANNNNNGCATGCCCAAGAAGAAGAGGAAGGTGTC,CG05802
,Lrp1b,TTCCTGGA,AGCTAGTCCGGATTCCTGGAGCNNNNNTANNNNNGCNNNNNTANNNNNGCATGCCCAAGAAGAAGAGGAAGGTGTC,CG05901
,Lrp1b,CAACAAGC,AGCTAGTCCGGACAACAAGCGCNNNNNTANNNNNGCNNNNNTANNNNNGCATGCCCAAGAAGAAGAGGAAGGTGTC,CG05902
,Nf2,ACTCTACC,AGCTAGTCCGGAACTCTACCGCNNNNNTANNNNNGCNNNNNTANNNNNGCATGCCCAAGAAGAAGAGGAAGGTGTC,CG06001
,Nf2,CGATAGCT,AGCTAGTCCGGACGATAGCTGCNNNNNTANNNNNGCNNNNNTANNNNNGCATGCCCAAGAAGAAGAGGAAGGTGTC,CG06002
,Pten,ATCGTTGG,AGCTAGTCCGGAATCGTTGGGCNNNNNTANNNNNGCNNNNNTANNNNNGCATGCCCAAGAAGAAGAGGAAGGTGTC,CG06101
,Pten,ATCACGTG,AGCTAGTCCGGAATCACGTGGCNNNNNTANNNNNGCNNNNNTANNNNNGCATGCCCAAGAAGAAGAGGAAGGTGTC,CG06102
,Ptprd,TGTCCATC,AGCTAGTCCGGATGTCCATCGCNNNNNTANNNNNGCNNNNNTANNNNNGCATGCCCAAGAAGAAGAGGAAGGTGTC,CG06201
,Ptprd,TCTAGCTC,AGCTAGTCCGGATCTAGCTCGCNNNNNTANNNNNGCNNNNNTANNNNNGCATGCCCAAGAAGAAGAGGAAGGTGTC,CG06202
,Rasa1,ATTGGCGA,AGCTAGTCCGGAATTGGCGAGCNNNNNTANNNNNGCNNNNNTANNNNNGCATGCCCAAGAAGAAGAGGAAGGTGTC,CG06301
,Rasa1,ATAGCACG,AGCTAGTCCGGAATAGCACGGCNNNNNTANNNNNGCNNNNNTANNNNNGCATGCCCAAGAAGAAGAGGAAGGTGTC,CG06302
,Rbm10,ACCTTAGG,AGCTAGTCCGGAACCTTAGGGCNNNNNTANNNNNGCNNNNNTANNNNNGCATGCCCAAGAAGAAGAGGAAGGTGTC,CG06401
,Rbm10,GTGGTAGA,AGCTAGTCCGGAGTGGTAGAGCNNNNNTANNNNNGCNNNNNTANNNNNGCATGCCCAAGAAGAAGAGGAAGGTGTC,CG06402
,Stk11,GCTCTAGT,AGCTAGTCCGGAGCTCTAGTGCNNNNNTANNNNNGCNNNNNTANNNNNGCATGCCCAAGAAGAAGAGGAAGGTGTC,CG06501
,Stk11,GCATGACA,AGCTAGTCCGGAGCATGACAGCNNNNNTANNNNNGCNNNNNTANNNNNGCATGCCCAAGAAGAAGAGGAAGGTGTC,CG06502
,Tet2,TCTACTGG,AGCTAGTCCGGATCTACTGGGCNNNNNTANNNNNGCNNNNNTANNNNNGCATGCCCAAGAAGAAGAGGAAGGTGTC,CG06601
,Tet2,TCACGTAG,AGCTAGTCCGGATCACGTAGGCNNNNNTANNNNNGCNNNNNTANNNNNGCATGCCCAAGAAGAAGAGGAAGGTGTC,CG06602
,Tsc1,CAACGTGT,AGCTAGTCCGGACAACGTGTGCNNNNNTANNNNNGCNNNNNTANNNNNGCATGCCCAAGAAGAAGAGGAAGGTGTC,CG06701
,Tsc1,AGACTCCT,AGCTAGTCCGGAAGACTCCTGCNNNNNTANNNNNGCNNNNNTANNNNNGCATGCCCAAGAAGAAGAGGAAGGTGTC,CG06702
,Neo.1,CTAGGCTA,AGCTAGTCCGGACTAGGCTAGCNNNNNTANNNNNGCNNNNNTANNNNNGCATGCCCAAGAAGAAGAGGAAGGTGTC,CG08301
,Neo.2,AATGCTGG,AGCTAGTCCGGAAATGCTGGGCNNNNNTANNNNNGCNNNNNTANNNNNGCATGCCCAAGAAGAAGAGGAAGGTGTC,CG08302
,Neo.3,ACGCATAC,AGCTAGTCCGGAACGCATACGCNNNNNTANNNNNGCNNNNNTANNNNNGCATGCCCAAGAAGAAGAGGAAGGTGTC,CG08303
,NT.1,AGTTGCTC,AGCTAGTCCGGAAGTTGCTCGCNNNNNTANNNNNGCNNNNNTANNNNNGCATGCCCAAGAAGAAGAGGAAGGTGTC,CG08401
,Stk11,ACCTCTAC,AGCTAGTCCGGAACCTCTACGCNNNNNTANNNNNGCNNNNNTANNNNNGCATGCCCAAGAAGAAGAGGAAGGTGTC,CG06504
,Setd2.1,TTGCATCG,AGCTAGTCCGGATTGCATCGGCNNNNNTANNNNNGCNNNNNTANNNNNGCATGCCCAAGAAGAAGAGGAAGGTGTC,CG03704
,Rbm10,GCTCACTT,AGCTAGTCCGGAGCTCACTTGCNNNNNTANNNNNGCNNNNNTANNNNNGCATGCCCAAGAAGAAGAGGAAGGTGTC,CG06404
,Rb1,TCATGAGC,AGCTAGTCCGGATCATGAGCGCNNNNNTANNNNNGCNNNNNTANNNNNGCATGCCCAAGAAGAAGAGGAAGGTGTC,CG03304
,Tp53,ATACAGGC,AGCTAGTCCGGAATACAGGCGCNNNNNTANNNNNGCNNNNNTANNNNNGCATGCCCAAGAAGAAGAGGAAGGTGTC,CG04004
,Cdkn2c,TGAGTGTC,AGCTAGTCCGGATGAGTGTCGCNNNNNTANNNNNGCNNNNNTANNNNNGCATGCCCAAGAAGAAGAGGAAGGTGTC,CG00903
,Atrx,CTTGCACT,AGCTAGTCCGGACTTGCACTGCNNNNNTANNNNNGCNNNNNTANNNNNGCATGCCCAAGAAGAAGAGGAAGGTGTC,CG08601
,Atrx,CAATGTCC,AGCTAGTCCGGACAATGTCCGCNNNNNTANNNNNGCNNNNNTANNNNNGCATGCCCAAGAAGAAGAGGAAGGTGTC,CG08602
,Kmt2c,CAAGCTCA,AGCTAGTCCGGACAAGCTCAGCNNNNNTANNNNNGCNNNNNTANNNNNGCATGCCCAAGAAGAAGAGGAAGGTGTC,CG08701
,Kmt2c,GTTGCAAG,AGCTAGTCCGGAGTTGCAAGGCNNNNNTANNNNNGCNNNNNTANNNNNGCATGCCCAAGAAGAAGAGGAAGGTGTC,CG08702
,Stag2,GCAACAAG,AGCTAGTCCGGAGCAACAAGGCNNNNNTANNNNNGCNNNNNTANNNNNGCATGCCCAAGAAGAAGAGGAAGGTGTC,CG08801
,Stag2,CCTGAATC,AGCTAGTCCGGACCTGAATCGCNNNNNTANNNNNGCNNNNNTANNNNNGCATGCCCAAGAAGAAGAGGAAGGTGTC,CG08802
,NT.2,ACGTCGAA,AGCTAGTCCGGAACGTCGAAGCNNNNNTANNNNNGCNNNNNTANNNNNGCATGCCCAAGAAGAAGAGGAAGGTGTC,CG08402
,NT.3,ACGCTAGA,AGCTAGTCCGGAACGCTAGAGCNNNNNTANNNNNGCNNNNNTANNNNNGCATGCCCAAGAAGAAGAGGAAGGTGTC,CG08403
Ambra Pool,Ambra1_1,CGATTAGG,,
,Ambra1_2,CTTACGGT,,
,Ambra1_3,CGTCTATG,,
,Rb1,GAGAACTC,,
,Rb1,GATGAGAG,,
,Neo.1,CTAGGCTA,,
,Neo.2,AATGCTGG,,
,Neo.3,ACGCATAC,,
,NT.1,AGTTGCTC,,
,NT.2,ACGTCGAA,,
,NT.3,ACGCTAGA,,
,TSG_1,,,
,TSG_2,,,
Spike Ladder,NT3-1,ACGCTAGA,GCGAAGATAGAGAAGCGAAATTAAGGTAGC,
,NT3-2,ACGCTAGA,GCGTCGGTAGGATAGCGCCTGTATATTGGC,
,NT3-3,ACGCTAGA,GCTCTGATAGCCGCGCGCGCGTAGAACCGC,
,NT3-4,ACGCTAGA,GCACATGTAACGGGGCAAACGTAGAGTAGC,
,NT3-5,ACGCTAGA,GCGAAGATAACCTTGCAGAGTTAAGAGCGC,
,NT3-6,ACGCTAGA,GCTGTGGTACGTCAGCGCCGGTACGGGGGC,
,NT3-7,ACGCTAGA,GCACCCCTAGGAACGCACCCCTATGTGCGC,
,NT3-9,ACGCTAGA,GCCAGCCTACCCCCGCATAACTATCGGGGC,
,NT3-11,ACGCTAGA,GCGCTGCTAGCCCCGCCTTTTTAGGTTGGC,
,NT3-12,ACGCTAGA,GCCCCGTTAGCGGCGCCCGCATACGCTCGC,
,NT3-13,ACGCTAGA,GCACGCGTAACCCTGCCCCGGTAGTGGAGC,
,NT3-14,ACGCTAGA,GCTAAAATAAAGAAGCAATAATAAAAAAGC,
,NT3-17,ACGCTAGA,GCGGGTGTAGGGTGGCTTACTTACGGGGGC,
